,LL_RATIO,LL_FINAL,AIC,BIC
0,0.34689414191367596,-2969.0500455115043,6008.100091023009,6221.048984743765
