,LL_RATIO,LL_FINAL,AIC,BIC
0,0.6484601038468849,-1598.1169541654301,3314.2339083308602,3673.204900602992
