,LL_RATIO,LL_FINAL,AIC,BIC
0,0.43548642981623076,-2566.3053247708704,5234.610649541741,5544.907608963414
